{
    "K": [
        [
            1.397867252146463215e+03,
            0.0,
            7.102673168371425163e+02

        ],
        [
            0.0,
            1.393500373992556661e+03,
            4.930833028703877972e+02
        ],
        [
            0.0,
            0.0,
            1.0
        ]
    ],
    "distortion": [
        [
            -5.519196971711897159e-01,
            2.934346166277869705e-01,
            5.159043716871814823e-03,
            -9.275607842334294278e-03,
            -2.096194642592069390e-01
        ]
    ]
}